<?xml version="1.0" encoding="UTF-8"?>
<biblioteca>
    <libro>
        <titulo>El Señor de los Anillos</titulo>
        <autor>J.R.R. Tolkien</autor>
        <genero>Fantasía</genero>
        <anio>1954</anio>
    </libro>
    <libro>
        <titulo>Cien años de soledad</titulo>
        <autor>Gabriel García Márquez</autor>
        <genero>Realismo mágico</genero>
        <anio>1967</anio>
    </libro>
    <libro>
        <titulo>1984</titulo>
        <autor>George Orwell</autor>
        <genero>Ficción distópica</genero>
        <anio>1949</anio>
    </libro>
</biblioteca>